site,length,At Sign,Forward Slashes,www Present,periods,dashes,underscores,number of digits,has ASCII
https://kel-landasanulinselatan.banjarbarukota.go.id/redir.php,62,0,3,0,3,1,0,0,0
https://azarnazarov.com/smbc.co.jp/795cdfd06df2e6cc9728172018568731/,68,0,5,2,1,0,0,0,2
http://ftx-exchangex.online,27,0,2,0,1,1,0,0,0
https://sonalt.com/,19,0,3,0,1,0,0,0,0
http://sonalt.com,17,0,2,0,1,0,0,0,0
https://iscrt.b-cdn.net/zxrvipue.html,37,0,3,0,2,1,0,0,0
https://azarnazarov.com/smbc.co.jp/,35,0,4,0,1,0,0,0,0
https://www.bcpzonasegura-viabcp.com/,37,0,3,0,2,1,0,0,0
https://silentpowerful.weebly.com/hotmail-sign-in-download.html,63,0,3,0,2,0,0,0,0
https://50.28.104.187/includes/cu/createj/insidekfe,51,0,6,2,3,0,0,10,2
https://sweet-gould.45-81-232-17.plesk.page/m1st/,49,0,4,0,3,4,0,9,0
https://panckakeswap.com/,25,0,3,0,1,0,0,0,0
https://huletradgard.se/wp-includes/js/jcrop/cgi/BOfA/80c8cca2841aef7411dcf78a72791526/login.php?cmd=login_submit&id=c89c08bfeeea2f958007edefb48134f8c89c08bfeeea2f958007edefb48134f8&session=c89c08bfeeea2f958007edefb48134f8c89c08bfeeea2f958007edefb48134f8,254,0,9,13,1,0,0,0,13
https://onlinebank.d19qukyhspedaf.amplifyapp.com/onlinebanking.huntington.com/,78,0,4,0,3,0,0,2,0
https://www.jsg-montroyal.de/igpromo/,37,0,4,0,2,1,0,0,0
https://www.grupwhasapdewasa.duckdns.org/,41,0,3,0,3,0,0,0,0
https://www.joingrupnitnott.duckdns.org/,40,0,3,0,3,0,0,0,0
https://intelligent-villani.109-71-253-24.plesk.page/,53,0,3,1,3,4,0,10,1
https://www.jsg-montroyal.de/instaagran/,40,0,4,0,2,1,0,0,0
https://bit.ly/2ZflroU,22,0,3,0,1,0,0,0,0
https://competent-bardeen.107-172-248-162.plesk.page/CC_POSTALE2021/8fd10/,74,0,5,3,3,4,0,12,3
https://embcybersecurity.org/dleo/,34,0,4,0,1,0,0,0,0
https://casadesaudeevoidemoura.com.br/administrator/templates/bluestork/en/[email protected],92,0,7,0,2,0,0,0,0
https://mail.joingrupnitnott.duckdns.org/,41,0,3,0,3,0,0,0,0
http://b-o-a.duckdns.org/login.php?cmd=login_submit&id=3c52b8cc7404fa0bdb951ec634889b963c52b8cc7404fa0bdb951ec634889b96&session=3c52b8cc7404fa0bdb951ec634889b963c52b8cc7404fa0bdb951ec634889b96,192,0,3,8,2,2,0,0,8
http://fundaccount.000webhostapp.com/,37,0,3,3,2,0,0,3,3
http://stopc.org/end/,21,0,4,0,1,0,0,0,0
http://stopc.org/end,20,0,3,0,1,0,0,0,0
https://www.huaythai.bet/W-F-J-E/connect.secure/log/present/contact.html?fea9cbef1934ad22278179f5361f244b-fea9cbef1934ad22278179f5361f244b-fea9cbef1934ad22278179f5361f244bfea9cbef1934ad22278179f5361f244bfea9cbef1934ad22278179f5361f244bfea9cbef1934ad22278179f5361f244bfea9cbef1934ad22278179f5361f244bfea9cbef1934ad22278179f5361f244bfea9cbef1934ad22278179f5361f244bfea9cbef1934ad22278179f5361f244bfea9cbef1934ad22278179f5361f244b,427,0,7,33,2,0,0,0,0
https://www.huaythai.bet/W-F-J-E/connect.secure/log/present/,60,0,7,0,2,0,0,0,0
https://www.b-o-a.duckdns.org/login.php?cmd=login_submit&id=479d069dff8d9bbb6725b9ee69bea0dc479d069dff8d9bbb6725b9ee69bea0dc&session=479d069dff8d9bbb6725b9ee69bea0dc479d069dff8d9bbb6725b9ee69bea0dc,197,0,3,0,3,2,0,0,8
https://www.yosari.com/upload/111111/clients/abmMXv.php?verification#_,70,0,6,6,2,0,0,0,0
https://vibrant-bohr.172-245-184-106.plesk.page/p/59874/,56,0,5,1,3,4,0,12,1
https://www.b-o-a.duckdns.org/login.php?cmd=login_submit&id=e1009bd7ca86db15a239ff06c3012332e1009bd7ca86db15a239ff06c3012332&session=e1009bd7ca86db15a239ff06c3012332e1009bd7ca86db15a239ff06c3012332,197,0,3,12,3,2,0,0,16
https://www.clubtimeout.rs/wp-includes/images/Richolo%20docu%202017/docusign/docusign/index.php,95,0,8,1,2,0,0,0,3
https://www.yosari.com//upload/111111?pwd=9377,46,0,5,6,2,0,0,0,0
https://s3.us-west-1.amazonaws.com/mlx90-section800.abl.excessed-s.fx50211/index.html,85,0,4,4,3,2,0,2,4
https://crueltyterrace.com/adobecloud/,38,0,4,0,1,0,0,0,0
https://needupdateto.webamazoncardshop.work/signin/?openid.pape.max_auth_age=0&openid.return_to=https://www.amazon.co.jp/?ref_=nav_em_hd_re_signin&openid.identity=http://specs.openid.net/auth/2.0/identifier_select&openid.assoc_handle=jpflex&openid.mode=checkid_setup&[email protected]&openid.claimed_id=http://specs.openid.net/auth/2.0/identifier_select&openid.ns=http://specs.openid.net/auth/2.0&&ref_=nav_em_hd_clc_signin,423,0,21,0,2,0,0,0,4
https://mail.newwwvirallll.duckdns.org/,39,0,3,0,3,0,0,0,0
https://sgp1.digitaloceanspaces.com/1simivalleyfordhutchinsure0/index.html,74,0,4,1,2,0,0,1,1
http://chase-login0123.app.link/LzcpikuBKkb,43,0,3,1,2,1,0,4,1
https://motoroctane.com/login/mychase/?_branch_match_id=982768135776196622&_branch_referrer=H4sIAAAAAAAAA8soKSkottLXT85ILE7VzclPz8wzMDQy1kssKNDLyczL1vepSi7IzC518s5Oso%20PTypKzEvOiE/LyS%20Pz0yxtbQwMjezMDQ2tTC2NAQCCxMAsUQ2WlAAAAA=,228,0,6,3,1,0,0,0,3
https://sagelogx.com/wp-admin/user/usr/ec18425361e25d9168eb047fa8ca2d18,71,0,6,1,1,0,0,0,1
https://sagelogx.com/wp-admin/user/usr/ec18425361e25d9168eb047fa8ca2d18/,72,0,7,1,1,0,0,0,1
http://sagelogx.com/wp-admin/user/usr/ec18425361e25d9168eb047fa8ca2d18/,71,0,7,1,1,0,0,0,1
https://sagelogx.com/wp-admin/user/usr/ec18425361e25d9168eb047fa8ca2d18/que.php,79,0,7,1,1,0,0,0,1
https://sagelogx.com/wp-admin/user/usr/ec18425361e25d9168eb047fa8ca2d18/fulls.php,81,0,7,1,1,0,0,0,1
https://sagelogx.com/wp-admin/user/usr/ec18425361e25d9168eb047fa8ca2d18/full.php,80,0,7,1,1,0,0,0,1
https://connectchase--00.herokuapp.com/,39,0,3,2,2,2,0,2,2
https://wwwverifyaccountauth03b.duckdns.org/email/Microsoft?skip_api_login=1&api_key=145044622175352&kid_directed_site=0&app_id=145044622175352&signed_next=1,157,0,4,6,2,0,0,2,4
https://nowupdate.webamazoncardshop.buzz/signin/?openid.pape.max_auth_age=0&openid.return_to=https://www.amazon.co.jp/?ref_=nav_em_hd_re_signin&openid.identity=http://specs.openid.net/auth/2.0/identifier_select&openid.assoc_handle=jpflex&openid.mode=checkid_setup&[email protected]&openid.claimed_id=http://specs.openid.net/auth/2.0/identifier_select&openid.ns=http://specs.openid.net/auth/2.0&&ref_=nav_em_hd_clc_signin,420,0,21,0,2,0,0,0,4
https://soudsgo.weebly.com/yahoo-mail.html,42,0,3,0,2,0,0,0,0
https://prajatantratv.com/jh/wells/well/login.php?cmd=login_submit&id=6958e3e8953443803a174d17bbdf63836958e3e8953443803a174d17bbdf6383&session=6958e3e8953443803a174d17bbdf63836958e3e8953443803a174d17bbdf6383,207,0,6,4,1,0,0,0,4
https://dearcustomers.webamazoncardshop.club/signin/?openid.pape.max_auth_age=0&openid.return_to=https://www.amazon.co.jp/?ref_=nav_em_hd_re_signin&openid.identity=http://specs.openid.net/auth/2.0/identifier_select&openid.assoc_handle=jpflex&openid.mode=checkid_setup&[email protected]&openid.claimed_id=http://specs.openid.net/auth/2.0/identifier_select&openid.ns=http://specs.openid.net/auth/2.0&&ref_=nav_em_hd_clc_signin,424,0,21,0,2,0,0,0,4
https://cardservices.webamazoncardshop.xyz/signin/?openid.pape.max_auth_age=0&openid.return_to=https://www.amazon.co.jp/?ref_=nav_em_hd_re_signin&openid.identity=http://specs.openid.net/auth/2.0/identifier_select&openid.assoc_handle=jpflex&openid.mode=checkid_setup&[email protected]&openid.claimed_id=http://specs.openid.net/auth/2.0/identifier_select&openid.ns=http://specs.openid.net/auth/2.0&&ref_=nav_em_hd_clc_signin,422,0,21,0,2,0,0,0,4
http://exolduis.site,20,0,2,0,1,0,0,0,0
https://amanzon.co.ip.richangyuansu.com.cn/,43,0,3,0,5,0,0,0,0
http://amanzon.co.ip.richangyuansu.com.cn/,42,0,3,0,5,0,0,0,0
http://acountcomfim.ygto.com/ucrecomfrim.htm,44,0,3,0,2,0,0,0,0
https://reurl.cc/xEKNOZ?confirmation,36,0,3,0,1,0,0,0,0
https://aceblitas.000webhostapp.com/login-acoun/termz.html,58,0,4,3,2,0,0,3,3
https://lhzrmm.rest/,20,0,3,0,1,0,0,0,0
https://ameozon.pwmmegs.cn/,27,0,3,0,2,0,0,0,0
https://ameozon.emeryroller.cn/,31,0,3,0,2,0,0,0,0
http://xn--app-fb-ads-notiflctlons-page-confirmatlon-l8l.r2xrssjgca-gjy3mwpvv68q.p.runcloud.link/,97,0,3,0,4,9,0,5,0
https://apps-fb-ads-confirmatlon.blogspot.com/2021/10/blog-post_29.html,71,0,5,2,2,3,0,0,2
http://app-fb-ads-security-page-app-conflrmatlon.r2xrssjgca-gjy3mwpvv68q.p.runcloud.link/,89,0,3,0,4,7,0,4,0
http://app-fb-ads-support-page-conflrmatlon.r2xrssjgca-gjy3mwpvv68q.p.runcloud.link/,84,0,3,0,4,6,0,4,0
http://apps-fb-security-confirmation-you-pages.r2xrssjgca-gjy3mwpvv68q.p.runcloud.link,86,0,2,0,4,6,0,4,0
http://app-fb-ads-supports-page-conflrmatlon.r2xrssjgca-gjy3mwpvv68q.p.runcloud.link/,85,0,3,0,4,6,0,4,0
https://bit.ly/3BpW2GH,22,0,3,0,1,0,0,0,0
http://https.app-page71561830794372134488.zbferqzhzu-ewl6nwq9m652.p.runcloud.link/,82,0,3,1,5,2,0,25,1
http://https.app-page29229455903306052176.zbferqzhzu-ewl6nwq9m652.p.runcloud.link/,82,0,3,3,5,2,0,25,3
http://https.app-page48566749256720179941.zbferqzhzu-ewl6nwq9m652.p.runcloud.link/,82,0,3,1,5,2,0,25,1
http://https.app-page75056792925827042708.zbferqzhzu-ewl6nwq9m652.p.runcloud.link/,82,0,3,3,5,2,0,25,3
http://mobile.redirect-to-app-two.zbferqzhzu-ewl6nwq9m652.p.runcloud.link,73,0,2,0,5,4,0,5,0
http://https.app-page41144411555709518060.zbferqzhzu-ewl6nwq9m652.p.runcloud.link/,82,0,3,3,5,2,0,25,3
https://manger-mercarii.club/,29,0,3,0,1,1,0,0,0
http://pagedetected2090901111.co.vu/checkpoin2/,47,0,4,3,2,0,0,10,3
https://verity-page-secure8891.000webhostapp.com/m.ibolie.html,62,0,3,3,2,2,0,7,3
http://pollicyfb.galodofirsfbcrop.xyz/,38,0,3,0,2,0,0,0,0
https://www2-etc-meisai.mioerts.co/,35,0,3,0,2,2,0,1,0
https://amenza.000webhostapp.com/help-sc.html,45,0,3,3,2,0,0,3,3
https://www.metamasc.club/#w-tabs-0-data-w-pane-1,49,0,3,1,2,0,0,0,1
https://www.metamasc.club/,26,0,3,0,2,0,0,0,0
https://solana20.com/,21,0,3,1,1,0,0,2,1
https://exchange.pancakeswap.investments/swap,45,0,3,0,2,0,0,0,0
http://2000000384679211-mx.tk/checkpoint_next.php,49,0,3,6,1,1,0,16,6
http://2000000384679212-mx.tk/checkpoint_next.php,49,0,3,6,1,1,0,16,6
http://2000000384679213-mx.tk/checkpoint_next.php,49,0,3,6,1,1,0,16,6
http://2000000384679214-mx.tk/checkpoint_next.php,49,0,3,6,1,1,0,16,6
https://www.pancakeswap.finance-win-rewards.site/,49,0,3,0,3,2,0,0,0
http://www.pancakeswap.finance-win-rewards.site,47,0,2,0,3,2,0,0,0
http://2000000384679215-mx.tk/checkpoint_next.php,49,0,3,6,1,1,0,16,6
http://2000000384679216-mx.tk/checkpoint_next.php,49,0,3,6,1,1,0,16,6
http://9898000005732461282.tk/checkpoint_next.php,49,0,3,5,1,0,0,19,5
http://9898000005732461283.tk/checkpoint_next.php,49,0,3,5,1,0,0,19,5
http://9898000005732461284.tk/checkpoint_next.php,49,0,3,5,1,0,0,19,5
http://2000000384679219-mx.tk/checkpoint_next.php,49,0,3,6,1,1,0,16,6
http://2000000384679218-mx.tk/checkpoint_next.php,49,0,3,6,1,1,0,16,6
http://2000000384679217-mx.tk/checkpoint_next.php,49,0,3,6,1,1,0,16,6
http://9898000005732461288.tk/checkpoint_next.php,49,0,3,5,1,0,0,19,5
http://9898000005732461281.tk/checkpoint_next.php,49,0,3,5,1,0,0,19,5
http://9898000005732461287.tk/checkpoint_next.php,49,0,3,5,1,0,0,19,5
http://9898000005732461286.tk/checkpoint_next.php,49,0,3,5,1,0,0,19,5
https://www.pancakeswap-sideti.tech/,36,0,3,0,2,1,0,0,0
http://www.pancakeswap-sideti.tech,34,0,2,0,2,1,0,0,0
http://9898000005732461285.tk/checkpoint_next.php,49,0,3,5,1,0,0,19,5
http://www.pancakeswap-showe.tech,33,0,2,0,2,1,0,0,0
https://amaozn.yetouch.com/,27,0,3,0,2,0,0,0,0
https://paypay.payask.info,26,0,2,0,2,0,0,0,0
https://business-appeal-form182758.web.app/appeal.html,54,0,3,0,2,2,0,6,0
https://business-appeal-form182758.web.app/check.html,53,0,3,0,2,2,0,6,0
https://business-appeal-form182758.web.app/,43,0,3,0,2,2,0,6,0
https://adcihad.com/,20,0,3,0,1,0,0,0,0
https://secure-mobile.app/button.css,36,0,3,0,1,1,0,0,0
https://appeal-form-fb-copyright817258.web.app/appeal.html,58,0,3,0,2,3,0,6,0
https://appeal-form-fb-copyright817258.web.app/check.html,57,0,3,0,2,3,0,6,0
https://appeal-form-fb-copyright817258.web.app/,47,0,3,0,2,3,0,6,0
https://aireem.icu/,19,0,3,0,1,0,0,0,0
http://pancakswaps-assets.com,29,0,2,0,1,1,0,0,0
https://www.jpmercari.online/,29,0,3,0,2,0,0,0,0
https://jpmercari.online/,25,0,3,0,1,0,0,0,0
https://ameozon.yhpwkh.cn/,26,0,3,0,2,0,0,0,0
http://pancakeswap-giveaway.online,34,0,2,0,1,1,0,0,0
https://megds.com/wp-includes/pomo/?key=pCguL,45,0,5,0,1,0,0,0,0
https://ameozon.qrilkrs.cn/,27,0,3,0,2,0,0,0,0
https://mercari.jp.no-replyoks.com/,35,0,3,0,3,1,0,0,0
https://marketplace-axiesinfinity.xyz/metamask/,47,0,4,0,1,1,0,0,0
https://marketplace-axiesinfinity.xyz/ronin/,44,0,4,0,1,1,0,0,0
https://marketplace-axiesinfinity.xyz/login/,44,0,4,0,1,1,0,0,0
https://valid-mail-check-redirect-to.com/r/next,47,0,4,0,1,4,0,0,0
https://mainet.s3.amazonaws.com/secure/index.html,49,0,4,0,3,0,0,1,0
https://special.myvnc.com/[email protected],43,0,3,0,2,0,0,0,0
https://irs-action.com/home,27,0,3,0,1,1,0,0,0
https://redirect-irs.com/home/gov/jigunglaa/asdasdasbdhagbsjdhgajskhdgasdid/,76,0,7,0,1,1,0,0,0
https://redirect-irs.com/home/gov/jigunglaa/asdasdasbdhagbsjdhgajskhdgasdid,75,0,6,0,1,1,0,0,0
https://www.visa.co.jp.rzdayu.shop/,35,0,3,0,5,0,0,0,0
https://us.compen-sation-irsprofile.com/?online&post=491077895_31&cc_key,72,0,3,1,2,2,0,0,1
https://kozykollectionz.com/skking89/Review/index.html,54,0,5,0,1,0,0,0,0
https://www.etc-mersair.jp.accountsafereply.szdfm.cn/,53,0,3,0,5,1,0,0,0
https://dryfruitsorganic.com/wp-content/themes/1Fq66tw/,55,0,6,0,1,0,0,0,0
https://dryfruitsorganic.com/wp-content/themes/1Fq66tw,54,0,5,0,1,0,0,0,0
https://irs-gov-tax-returns.assistance-application.com/home,59,0,3,0,2,4,0,0,0
https://nowupdate.webrakutencardshop.buzz/,42,0,3,0,2,0,0,0,0
https://irshelpcare.com/r/1Fq66tw,33,0,4,0,1,0,0,0,0
https://boncoffee.store/wp-content/plugins/1Fq66tw/,51,0,6,0,1,0,0,0,0
https://boncoffee.store/wp-content/plugins/1Fq66tw,50,0,5,0,1,0,0,0,0
https://amanzon.co.ip.hz-lfy.com.cn/,36,0,3,0,5,1,0,0,0
http://amanzon.co.ip.hz-lfy.com.cn/,35,0,3,0,5,1,0,0,0
https://cardservices.webrakutencardshop.xyz/,44,0,3,0,2,0,0,0,0
http://dearcustomers.webamazoncardshop.club/,44,0,3,0,2,0,0,0,0
https://www.co.jp.yfxafmy.cn/,29,0,3,0,4,0,0,0,0
http://nowupdate.webamazoncardshop.buzz/,40,0,3,0,2,0,0,0,0
https://support-valida-url-granted.com/r/submittax,50,0,4,0,1,3,0,0,0
https://needupdateto.webrakutencardshop.top/,44,0,3,0,2,0,0,0,0
https://trade.pancakieswap-finances.org/Swap/#/,47,0,5,0,2,1,0,0,0
http://cardservices.webamazoncardshop.xyz/,42,0,3,0,2,0,0,0,0
https://3vww-metams.top/index7.html,35,0,3,0,1,1,0,1,0
https://www2-etc-moisai.mioerts.co/,35,0,3,0,2,2,0,1,0
https://amanzon.co.ip.jiqingjf.com.cn/,38,0,3,0,5,0,0,0,0
http://amanzon.co.ip.jiqingjf.com.cn/,37,0,3,0,5,0,0,0,0
https://attonlinemail1.weebly.com/,34,0,3,0,2,0,0,1,0
https://susniswap.com/,22,0,3,0,1,0,0,0,0
https://www.signup-global.online/ftx,36,0,3,0,2,1,0,0,0
https://rendelparis.com/wp-admin/assets?key=iSVbt,49,0,4,0,1,0,0,0,0
http://informationservice.webamazoncardshop.top/,48,0,3,0,2,0,0,0,0
http://needupdateto.webamazoncardshop.work/,43,0,3,0,2,0,0,0,0
https://www.amazon-a.us/,24,0,3,0,2,1,0,0,0
https://axieinfinity.casa/,26,0,3,0,1,0,0,0,0
http://axieinfinity.casa,24,0,2,0,1,0,0,0,0
https://www2-etc-mcisai.mioerts.co/,35,0,3,0,2,2,0,1,0
https://recognize.ddnsking.com/[email protected],48,0,3,0,2,0,0,0,0
https://yaassedgd.weebly.com/,29,0,3,0,2,0,0,0,0
https://www.nttnews-info.zvop-x.top/,36,0,3,0,3,2,0,0,0
https://ameozon.11zhu.cn/,25,0,3,0,2,0,0,2,0
https://vinted-kijy.id-info022.me/?code,39,0,3,1,2,2,0,3,1
https://vinted-kijy.id-info022.me/?pay,38,0,3,1,2,2,0,3,1
https://vinted-kijy.id-info022.me/?VINTED_sukienka_emg_colection7395&from_mail=1,80,0,3,1,2,2,0,3,1
https://ameozon.ishareoffice.cn/,32,0,3,0,2,0,0,0,0
https://ricoh.servebeer.com/[email protected],45,0,3,0,2,0,0,0,0
https://acc-mps.me/accedi/,26,0,4,0,1,1,0,0,0
https://tubcprest.site/,23,0,3,0,1,0,0,0,0
https://ameozon.1982myshop.cn/,30,0,3,0,2,0,0,4,0
http://lklykpbobc.duckdns.org,29,0,2,0,2,0,0,0,0
https://attdomaindggd75.weebly.com/,35,0,3,0,2,0,0,2,0
https://sdrayq.bar/,19,0,3,0,1,0,0,0,0
https://banrisul.soubanri.com/componenteSeguranca.php?hash=1423308191617c27ae155cc2.54021139,92,0,3,2,2,0,0,0,2
https://support-skymavieswallet.com/,36,0,3,0,1,1,0,0,0
https://kavach-mail-in.000webhostapp.com/,41,0,3,3,2,2,0,3,3
https://fatuated.myvnc.com/[email protected],44,0,3,0,2,0,0,0,0
https://reach.servegame.com/[email protected],45,0,3,0,2,0,0,0,0
https://sex.servepics.com/[email protected],43,0,3,0,2,0,0,0,0
https://amsazz.myftp.biz/,25,0,3,0,2,0,0,0,0
https://www.co.jp.bafyjcz.cn/,29,0,3,0,4,0,0,0,0
https://dev-webadmins.pantheonsite.io/zinc.html?&[email protected],66,0,3,0,2,1,0,0,0
https://www.co.jp.ktbohe.cn/,28,0,3,0,4,0,0,0,0
https://innovative.myvnc.com/[email protected],46,0,3,0,2,0,0,0,0
https://ameozon.omuewwa.cn/,27,0,3,0,2,0,0,0,0
https://attdomainlifeservice.weebly.com/,40,0,3,0,2,0,0,0,0
https://ladyrose-vl.ru/image/cata/clients/O3rA5d.php?verification#_,67,0,6,0,1,1,0,0,0
https://ladyrose-vl.ru/image/cata/?pwd=9377,43,0,5,0,1,1,0,0,0
http://u1292857dir.ha004.t.justns.ru/GovCERTch/7f028630167826e7acf10e4bc9186792/,80,0,5,5,4,0,0,10,5
https://shopping.servepics.com/[email protected],48,0,3,0,2,0,0,0,0
https://vivancar.com.au/vivancar/viva-update21/#[email protected],65,0,5,0,2,0,0,0,0
https://suitable.serveftp.com/[email protected],47,0,3,0,2,0,0,0,0
https://wvvw.netinterbankperu.com/,34,0,3,0,2,0,0,0,0
https://ameozon.npimjns.cn/,27,0,3,0,2,0,0,0,0
https://carpetstorelx.pt/ios/[email protected],46,0,4,0,1,0,0,0,0
https://alertasibk.site,23,0,2,0,1,0,0,0,0
https://Third-rounc-pandmeic-status.com/?verify,47,0,3,0,1,3,0,0,0
https://ameozon.qaiczry.cn/,27,0,3,0,2,0,0,0,0
https://anthony.servebeer.com/[email protected],47,0,3,0,2,0,0,0,0
http://ljzofkhgsf.duckdns.org,29,0,2,0,2,0,0,0,0
https://www.sandiego.cf/,24,0,3,0,2,0,0,0,0
http://www.sandiego.cf/,23,0,3,0,2,0,0,0,0
https://businesspro-espaceclient-fixeofmails.duckdns.org/mailprosav/facture.orange,82,0,4,0,2,2,0,0,0
https://abre.ai/doxc?userid=xCByAW2c,36,0,3,0,1,0,0,0,0
https://amaznm.co.jp.sunatnyanachon.shop/,41,0,3,0,4,0,0,0,0
http://amaznm.co.jp.sunatnyanachon.shop/,40,0,3,0,4,0,0,0,0
https://ameozon.rpdtubd.cn/,27,0,3,0,2,0,0,0,0
https://ameozon.ofapex.cn/,26,0,3,0,2,0,0,0,0
https://wpsoar.com/RFA2rxaQWX24J4C68/[email protected],54,0,4,0,1,0,0,0,0
https://wpsoar.com/[email protected],36,0,3,0,1,0,0,0,0
https://bancaporinternet.interban.pe.novadigio.com,50,0,2,0,4,0,0,0,0
https://ameozon.qgmevkf.cn/,27,0,3,0,2,0,0,0,0
https://www.co.jp.psndhz.cn/,28,0,3,0,4,0,0,0,0
https://ameozon.rkuqvkp.cn/,27,0,3,0,2,0,0,0,0
https://rature.ddnsking.com/[email protected],45,0,3,0,2,0,0,0,0
https://asleep.servemp3.com/[email protected],45,0,3,0,2,0,0,1,0
https://ameozon.obqbdod.cn/,27,0,3,0,2,0,0,0,0
https://www.seguincontracting.com/vr.at/auth.html,49,0,4,0,2,0,0,0,0
https://reareo.duramaxservice.com,33,0,2,0,2,0,0,0,0
https://tv4k-magazineluiza.com/produto/conta.php,48,0,4,0,1,1,0,1,0
https://tv4k-magazineluiza.com/request/,39,0,4,0,1,1,0,1,0
https://tv4k-magazineluiza.com/produto/login.php,48,0,4,0,1,1,0,1,0
https://tv4k-magazineluiza.com/f6e22c5a3f513d44480f7cae62b2ca3c/?produto=smart-tv-55-crystal-4k-samsung-55au8000-wi-fi-bluetooth-hdr-alexa-built-in-3-hdmi-2-usb/p/193441900/et/tv4k/,181,0,9,6,1,1,0,1,6
https://phantuomn.app/new.php,29,0,3,0,1,0,0,0,0
https://tv4k-magazineluiza.com/f6e22c5a3f513d44480f7cae62b2ca3c/?produto=smart-tv-full-hd-led-43-samsung-43t5300a-wi-fi-hdr-2-hdmi-1-usb/p/225608100/et/tves/,157,0,9,6,1,1,0,1,6
https://tv4k-magazineluiza.com/a964cf16256ab9aa9f52fb337d564d81/?produto=smart-tv-4k-led-60-lg-60un7310psa-wi-fi-bluetooth-hdr-inteligencia-artificial-3-hdmi-2-usb/p/225376500/et/tv4k/,184,0,9,5,1,1,0,1,5
http://dineroalinstante-pe.online/,34,0,3,0,1,1,0,0,0
https://ameozon.gjzo.cn/,24,0,3,0,2,0,0,0,0
https://xn--axeinfinity-dcb.com/,32,0,3,0,1,3,0,0,0
https://devfitstudio.yopro.com.mx/.well-known/acme-challenge/Payment/,69,0,6,0,3,0,0,0,0
https://contact.com.ua/c1c6a0a2f1/sedbes/kbida/,47,0,6,1,2,0,0,0,1
https://primepeakbank.com/account/online/login,46,0,5,0,1,0,0,0,0
https://cxsisgov.com/modulo.php,31,0,3,0,1,0,0,0,0
https://ntaakhisghirmasltakj.blogspot.com/,42,0,3,0,2,0,0,0,0
https://jhhhjiuuy.weebly.com/,29,0,3,0,2,0,0,0,0
https://uytw.weebly.com/,24,0,3,0,2,0,0,0,0
http://ldenpwyiks.duckdns.org,29,0,2,0,2,0,0,0,0
https://ameozon.ngqurjo.cn/,27,0,3,0,2,0,0,0,0
https://alpaccafinance.com/,27,0,3,0,1,0,0,0,0
https://zarbibangladesh.s3.us-east-2.amazonaws.com/submiit-application-redirect-3/index.html?submit-application=?dcz1i9Mg0e5fRSVurxOZ4poQM-ePRrXgDrgAPGx9IUK5qtMZrIp-biQRx3voFSlo4rkdB9xMgmPz0,190,0,4,2,4,2,0,2,2
https://d2.trustwollets.cloud/,30,0,3,0,2,0,0,1,0
http://www.zoyaros.com/wp-content/NewFolder/wells-fargo/tllmgi=/mi4mji=/zcymwq=,79,0,8,0,2,0,0,0,0
https://attmailoeq.weebly.com/,30,0,3,0,2,0,0,0,0
https://tyandmattshow.com/93i9jjs,33,0,3,0,1,0,0,0,0
https://rmis.co.il/malopooe/mweb/login,38,0,5,0,2,0,0,0,0
https://exbabylon.com/includes/cu/createj/insidekfe,51,0,6,0,1,0,0,0,0
https://ethel8yourfilsimple.ns01.biz/private,44,0,3,1,2,0,0,3,1
http://laserworxonline.com/wp-admin/users/x/1,45,0,6,0,1,0,0,0,0
https://soportetransaccionaldecolombia.com,42,0,2,0,1,0,0,0,0
https://linktr.ee/yahoowebverification,38,0,3,0,1,0,0,0,0
https://prote0100001cr232121.000webhostapp.com/,47,0,3,8,2,0,0,16,8
http://crprotecciondecuentas.ga/,32,0,3,0,1,0,0,0,0
https://pol-m.program-pro1.site/#close_conf,43,0,3,0,2,2,0,1,0
https://ogyahoomails.weebly.com/,32,0,3,0,2,0,0,0,0
https://linktr.ee/HNsmc,23,0,3,0,1,0,0,0,0
https://atttdbbvcccvcx.weebly.com,33,0,2,0,2,0,0,0,0
https://atttdbbvcccvcx.weebly.com/,34,0,3,0,2,0,0,0,0
http://icfwa.com.au/fonts/yat/login.php,39,0,5,0,2,0,0,0,0
https://ultimatemovies.in/cso/ultimate-21/#@yorku.ca,52,1,5,0,1,0,0,0,0
https://validacadastropro.dynv6.net/cadastrolimite/?q=sdxcfvcadazcxvzq2323&cvid=e74e56d16e3941669def6acae2a38b16&aqs=edge..69i57.3460j0j1&pglt=2083&FORM=ANNTA1&PC=U531,167,0,4,3,2,0,0,1,3
https://validacadastropro.dynv6.net/cadastrolimite/?q=sdxcfadazcxvzq2323&cvid=e74e56d16e3941669def6acae2a38b16&aqs=edge..69i57.3460j0j1&pglt=2083&FORM=ANNTA1&PC=U531,165,0,4,3,2,0,0,1,3
http://ec2-18-223-100-250.us-east-2.compute.amazonaws.com/tk7q1287168/[email protected],87,0,4,3,4,6,0,13,3
http://www.zoyaros.com/wp-content/NewFolder/wells-fargo/tllmgi=/mi4mji=/zcymwq=/,80,0,9,0,2,0,0,0,0
http://laserworxonline.com/wp-admin/users/x/1/,46,0,7,0,1,0,0,0,0
https://davidkleyman.com/login.php?cmd=login_submit&id=579d22b02736268be414e6859a77951f579d22b02736268be414e6859a77951f&session=579d22b02736268be414e6859a77951f579d22b02736268be414e6859a77951f,192,0,3,4,1,0,0,0,4
https://davidkleyman.com/,25,0,3,0,1,0,0,0,0
https://davidkleyman.com/step2.php,34,0,3,0,1,0,0,0,0
https://compassionate-hofstadter.23-148-144-49.plesk.page/DHL/,62,0,4,0,3,4,0,10,0
https://compassionate-hofstadter.23-148-144-49.plesk.page/DHL,61,0,3,0,3,4,0,10,0
http://reported-page-secure4261.000webhostapp.com/,50,0,3,3,2,2,0,7,3
https://exbabylon.com/includes/cu/createj/insidekfe/wells.htm,61,0,7,0,1,0,0,0,0
https://exbabylon.com/includes/cu/createj/insidekfe/,52,0,7,0,1,0,0,0,0
https://achatlcl60.temp.swtest.ru/f4a3a,39,0,3,1,3,0,0,2,1
https://ethel8yourfilsimple.ns01.biz/private/,45,0,4,1,2,0,0,3,1
https://rmis.co.il/fologta/mweb/login/,38,0,6,0,2,0,0,0,0
http://rebrand.ly/ya6gol8,25,0,3,0,1,0,0,0,0
https://rmis.co.il/malopooe/mweb/login/,39,0,6,0,2,0,0,0,0
https://chase-02c.firebaseapp.com/,34,0,3,1,2,1,0,2,1
http://chase-02c.firebaseapp.com/,33,0,3,1,2,1,0,2,1
https://tyandmattshow.com/93i9jjs/,34,0,4,0,1,0,0,0,0
https://134.172.12.91/indexx.asp,32,0,3,0,3,0,0,10,0
http://paypal-revise.net/wp-includes,36,0,3,0,1,1,0,0,0
http://paypal-revise.net/css,28,0,3,0,1,1,0,0,0
https://tme-av.com/squan/index2.php?cmd=login_submit&id=209d24778314367ab06a7a5b087794ff209d24778314367ab06a7a5b087794ff&session=209d24778314367ab06a7a5b087794ff209d24778314367ab06a7a5b087794ff,193,0,4,12,1,1,0,0,12
https://tme-av.com/squan/index2.php?cmd=login_submit&id=900349cbfceaf37ab553e577930d0c3f900349cbfceaf37ab553e577930d0c3f&session=900349cbfceaf37ab553e577930d0c3f900349cbfceaf37ab553e577930d0c3f,193,0,4,16,1,1,0,0,16
https://www.smartcaboverde.com/wp-content/ali/ali1/ali/login.php,64,0,7,1,2,0,0,0,0
https://ladyrose-vl.ru/image/cata/clients/pFnBDh.php?verification#_,67,0,6,0,1,1,0,0,0
http://bkepindo1.duckdns.org/,29,0,3,0,2,0,0,1,0
https://chdssiwl.com/mazon/amazon/,34,0,5,0,1,0,0,0,0
https://chdssiwl.com/mazon/amazon,33,0,4,0,1,0,0,0,0
https://davidkleyman.com/login.php?cmd=login_submit&id=5ea26e7db6c63c6fad6127866a9685225ea26e7db6c63c6fad6127866a968522&session=5ea26e7db6c63c6fad6127866a9685225ea26e7db6c63c6fad6127866a968522,192,0,3,0,1,0,0,0,0
https://www.secure-verify05.duckdns.org/login.php?country=United%20States&iso=US&online_id=3e0c9d519a4d94ad7c61ea8c7,116,0,3,2,3,1,0,2,3
https://secure-verify05.duckdns.org/login.php?country=United%20States&iso=US&online_id=78d1b1875ea9df39a4c11f6f5,112,0,3,2,2,1,0,2,2
http://0333fa5.netsolhost.com/comcast/xfinity.php?d1193169ba22c33594765d16035661b1=&[email protected]&.rand=login.xfinity.com.aspx,130,0,4,2,2,0,0,5,2
http://welisdfoark.azurewebsites.net/,37,0,3,0,2,0,0,0,0
https://www.smartcaboverde.com/wp-content/ali/ali1/ali/[email protected],72,0,7,1,2,0,0,0,0
https://ftx.cool,16,0,2,0,1,0,0,0,0
https://serviceclients.shop/boutique/,37,0,4,0,1,0,0,0,0
https://abonnesclientfixe1112.ulcraft.com/,42,0,3,0,2,0,0,4,0
https://attorneymeds.com/MKB NetBANKar.htm,42,0,3,0,1,0,0,0,0
https://omeliskarot.ga/e0154ac829acb5cb5735e1d1e7f48c68/index.php?VHcoUOMn15461659=JikMO8JlzZu,94,0,4,1,1,0,0,0,1
https://inpost-pl.533433.space,30,0,2,0,2,1,0,6,0
https://orange2545.wixsite.com/my-site,38,0,3,0,2,0,0,4,0
https://businesspro-espaceclient-fixeofmails.duckdns.org/mailprosav/facture.orange/,83,0,5,0,2,2,0,0,0
https://5yesplay.com/,21,0,3,0,1,0,0,1,0
https://magnetisme-brest.fr/facture/login/login.php,51,0,5,0,1,1,0,0,0
https://btbroadbandreview.weebly.com/,37,0,3,0,2,0,0,0,0
https://www.shuttlewithus.com/caixa/ES/,39,0,5,0,2,0,0,0,0
https://solana.to/,18,0,3,0,1,0,0,0,0
http://solana.to,16,0,2,0,1,0,0,0,0
https://aetw.weebly.com/,24,0,3,0,2,0,0,0,0
https://atarrcccpxcvvcccxx.weebly.com,37,0,2,0,2,0,0,0,0
https://attorneymeds.com/MKB%20NetBANKar.htm,44,0,3,1,1,0,0,0,1
https://ecadigital.campinagrande.pb.gov.br/-/support/MARKET/MARKET/,67,0,7,0,4,0,0,0,0
https://deutsche-post.myftp.org/Redsys.html,43,0,3,0,2,1,0,0,0
http://lctdjknhnh.duckdns.org,29,0,2,0,2,0,0,0,0
https://raifffeisen.xyz/login/,30,0,4,0,1,0,0,0,0
https://raifffeisen.xyz/login,29,0,3,0,1,0,0,0,0
https://raiffisien.xyz/login/,29,0,4,0,1,0,0,0,0
https://raiffisien.xyz/login,28,0,3,0,1,0,0,0,0
https://nara.com.na/local/[email protected],43,0,4,0,2,0,0,0,0
https://acesso.esfera-resgate.digital/yNOKj60OR6kV1AWQ9zWI/[email protected],76,0,4,1,2,1,0,0,1
https://dpd-pl.0398123.space,28,0,2,1,2,1,0,7,1
https://kaixin072.shop/,23,0,3,1,1,0,0,3,1
https://40.74.133.56/one/[email protected],42,0,4,1,3,0,0,9,1
https://kaixin080.shop/,23,0,3,2,1,0,0,3,2
https://sbatjanst.se/wp-content/plugins/es/ing/app-login/?59a0b343,66,0,8,1,1,0,0,0,1
https://www.carpediemxp.com/campanhas/caixa-economica-federal-premiacoes/account/reclaim-digital-voucher/5fecbcf95aaab900149,124,0,7,1,2,0,0,0,2
https://cuentas-infos.com/Cuenta/?pwd=ing,41,0,4,0,1,1,0,0,0
https://booking-pl.864150.space,31,0,2,1,2,1,0,6,1
https://jardimamerica.otics.subpav.org/-/swiss-sms/N/,53,0,6,0,3,0,0,0,0
https://jardimamerica.otics.subpav.org/-/swiss-sms/N,52,0,5,0,3,0,0,0,0
https://post-sanswitzerlandbaid1099391.duckdns.org/dchfe/clients/details.php?verification#_,91,0,5,1,2,1,0,7,1
https://pdpkhamspdpmalayin.blogspot.com/,40,0,3,0,2,0,0,0,0
https://irs-action.com,22,0,2,0,1,1,0,0,0
http://kofoihzcya.duckdns.org,29,0,2,0,2,0,0,0,0
https://www5.jp.mrecrcoarci.com/,32,0,3,0,3,0,0,1,0
https://www5.jp.moecrcearni.com/,32,0,3,0,3,0,0,1,0
https://www5.jp.mceorecarei.com/,32,0,3,0,3,0,0,1,0
https://www4.jp.mrecrcoarci.com/,32,0,3,0,3,0,0,1,0
https://www4.jp.moecrcearni.com/,32,0,3,0,3,0,0,1,0
https://www4.jp.mceorecarei.com/,32,0,3,0,3,0,0,1,0
https://www3.jp.mrecrcoarci.com/,32,0,3,0,3,0,0,1,0
https://www3.jp.moecrcearni.com/,32,0,3,0,3,0,0,1,0
https://www3.jp.mceorecarei.com/,32,0,3,0,3,0,0,1,0
https://www2.jp.mrecrcoarci.com/,32,0,3,0,3,0,0,1,0
https://www2.jp.moecrcearni.com/,32,0,3,0,3,0,0,1,0
https://www2.jp.mceorecarei.com/,32,0,3,0,3,0,0,1,0
https://www1.jp.mrecrcoarci.com/,32,0,3,1,3,0,0,1,0
https://www1.jp.moecrcearni.com/,32,0,3,1,3,0,0,1,0
https://www1.jp.mceorecarei.com/,32,0,3,1,3,0,0,1,0
https://www.netlnterbankm-empresas.com/,39,0,3,0,2,1,0,0,0
https://koteng.odoo.com/,24,0,3,0,2,0,0,0,0
https://www.strato-sys.de/,26,0,3,0,2,1,0,0,0
https://allegrolokalnie-pl.642921.space,39,0,2,0,2,1,0,6,0
https://inpost-pl.642921.space,30,0,2,0,2,1,0,6,0
https://olx-pl.642921.space,27,0,2,0,2,1,0,6,0
https://cineark.anecdoteagency.com/zip/common/oauth2/authorize?client_id=e2da3196-8e15-5da8-2e19-76eb84ad290&x-client-ver=8.3.0.0&redirect_uri=https%253A%252F%252Fwww.office.com%252Flanding&x-client-SKU=ID_NETSTANDARD2_0&state=PB9cHxImGi4zX1a_8ZOVJswt2eSQgpadD_dcYKMSVnv2IloBufbNe_CX3rB7j_rC7mQ0uU9y_YW37zHa-o3dKEx-MeGKdY8&client-request-id=e2da3196-8e15-5da8-2e19-76eb84ad290&nonce=687222715009.9SwurRNcZX8ICqs3REhFwKGDgi&response_type=codes%2520id_token&response_mode=form_post&scope=openedid%2520profile&ui_locales=en-US,523,0,6,8,2,0,0,0,10
https://cineark.anecdoteagency.com/zip/,39,0,4,0,2,0,0,0,0
https://c-smart-jp.com/index/product,36,0,4,0,1,2,0,0,0
https://bteinteirnet.weebly.com/,32,0,3,0,2,0,0,0,0
https://ctt.id-4328548654.icu/iphone-x-256gb-usado-em-bom-estado-IDGM1cK,72,0,3,0,2,1,0,10,0
https://spkidservice.com/BL3Y1D6RF2,35,0,3,0,1,0,0,0,0
https://portalid-spk.com/TPJX7GGWUN,35,0,3,0,1,1,0,0,0
https://forms.zohopublic.com/sdfcx/form/SIGNINYOURBTACCOUNTCORRECTLY/formperma/-UNmthfJsFM3HosoWH_hmu69Monv50GhMSYBzvFwakY,122,0,7,1,2,0,0,0,1
https://amazonytiszczad.xyz/,28,0,3,0,1,0,0,0,0
https://docusignssdoc.weebly.com/,33,0,3,0,2,0,0,0,0
https://docusignsssb.weebly.com/,32,0,3,0,2,0,0,0,0
https://docusignnssyu.weebly.com/,33,0,3,0,2,0,0,0,0
https://attlink3d.weebly.com/,29,0,3,0,2,0,0,1,0
https://yahoomailsericvxsenas01.weebly.com/,43,0,3,1,2,0,0,2,1
https://btsdfghjhgvx8765edfghj.weebly.com/,42,0,3,0,2,0,0,4,0
https://amazonoe.lbed.cn/,25,0,3,0,2,0,0,0,0
https://systemtt.trackitemzz.xyz/pt/ips/?p=200&cep=YyR6GBVuD_YQsY2fRd8gz3c9LIlPf59y6i-QHxginSwDf5UuXuV1JrMMRzaZb5XHaca-cWo7kXse2zsqJyfHD-smFwV5SxL1OgDktFKaetHIEpIb7cdReydIc8XJCkl85Kp983PbNlM1CcNQgU1dRN3xzEYuqIzEx2FTUn6fbn_Mw8LpzttdhwiUTB5muE1UHSNE4lLoY_liaVyaM9zpEVSAtgexnMxba_zOMvvUKTKztWn2rZE4szq5BN5Vtcxb2I_pIUxUC-83abU4YoO6LG7foYm11WT03Vqc0ygell0wW8ybO42QxpWFNL6uox6x6W_PbHep4SFj1F3xF4Ctk8ozOVTMGOCYNOMdgJG0vcBwOjZGeYnpqtXo7j4rM7rJCuOjEHauk7o68qAEN4WxBmp_7al6vxIjfHILlU5WHGXnBGXAAhO-MUSqZ-FhW7LnfIsBvZJNUq8LKvlxSQSXJvnXmIR8hU-h2zCsOw9LeaM&lptoken=1690351b46bc14860402&click_id=zeSzu19&var2=&var3=S617A8672EA151&var4=&var5=6&var6=&var7=&var8=&var9=351960198619&var10,669,0,5,11,2,0,0,0,11
https://pancakeswap.finance-swap.com/,37,0,3,0,2,1,0,0,0
http://pancakeswap.finance-swap.com,35,0,2,0,2,1,0,0,0
https://allegrolokalnie-pl.930833.space,39,0,2,1,2,1,0,6,1
https://e-voice-msg-51d356.webflow.io/,38,0,3,0,2,3,0,5,0
https://inpost-pl.930833.space,30,0,2,1,2,1,0,6,1
https://newjob.top/-/swiss-sms/N/swiss_de/N/,44,0,8,0,1,0,0,0,0
https://cd31516.tmweb.ru/,25,0,3,0,2,0,0,5,0
https://hairfreeclinics.com/fraswusa/Redsys.html,48,0,4,0,1,0,0,0,0
https://allegrolokalnie-pl.894839.space/,40,0,3,0,2,1,0,6,0
https://lpigreeceoriflnike.000webhostapp.com/,45,0,3,3,2,0,0,3,3
https://95ts.weebly.com/,24,0,3,0,2,0,0,2,0
https://dpd-pl.order4335.site/proccess1635493568284581,54,0,3,0,2,1,0,4,0
https://www.cahayagranitemotif.web.id/vvc.php,45,0,3,0,3,0,0,0,0
https://3z05dl.cn/pc,20,0,3,1,1,0,0,3,1
https://3z05dl.cn/mobile,24,0,3,1,1,0,0,3,1
https://1kxcwd.cn/pc,20,0,3,0,1,0,0,1,0
https://1kxcwd.cn/mobile,24,0,3,0,1,0,0,1,0
https://0rppcm.cn/pc,20,0,3,1,1,0,0,1,1
https://0rppcm.cn/mobile,24,0,3,1,1,0,0,1,1
https://eurocrt.club/r/LT-76nfbf6an,35,0,4,0,1,0,0,0,0
http://kjjkwvhhtg.duckdns.org,29,0,2,0,2,0,0,0,0
https://mearcai.com/,20,0,3,0,1,0,0,0,0
https://851ts.weebly.com/,25,0,3,0,2,0,0,3,0
https://it-rcc-support.protection.medicalqbank.com/auth1/?client-request-id=dXNlckBjYWxzdGF0ZWxhLmVkdQ==,104,0,4,1,3,2,0,0,1
http://www.info-verifca-web.it/BPER/oldindex.php,48,0,4,0,2,2,0,0,0
https://sdesk-perfect-neu.xyz/s/anmeldung.php,45,0,4,0,1,2,0,0,0
https://giroid-service-spk.com/W0MR47VGXK,41,0,3,1,1,2,0,0,1
https://amaznon.co.jp.hjbzq.cn/,31,0,3,0,4,0,0,0,0
https://learnbyu.club/r/LT-867HBRAvaw,37,0,4,0,1,0,0,0,0
https://allegrolokalnie-pl.090329.space/,40,0,3,2,2,1,0,6,2
https://rakutenl.co.ip.91coupon.net/,36,0,3,0,4,0,0,2,0
https://rakutenl.co.jp.cerrajeros-barcelona.net/,48,0,3,0,4,1,0,0,0
https://el-guapos.com/mellenium/index.php,41,0,4,0,1,1,0,0,0
https://snoetana.com/mellenium/index.php,40,0,4,0,1,0,0,0,0
https://pasarex.net/mellenium/index.php,39,0,4,0,1,0,0,0,0
https://waldenplacetransparency.com/.well-known/dhl-swiss/,58,0,5,0,1,0,0,0,0
https://servceintlimited.cloudns.ph/signin-authflow,51,0,3,0,2,0,0,0,0
https://cy04756.tmweb.ru/main/1/one.php,39,0,5,1,2,0,0,5,1
http://kiivjwabaz.duckdns.org,29,0,2,0,2,0,0,0,0
https://inpost.verifpayones.site,32,0,2,0,2,0,0,0,0
https://it-rcc-support.protection.medicalqbank.com/auth1/aspx1.php,66,0,4,0,3,2,0,0,0
https://olx-pl.pay-orders-safe.site,35,0,2,0,2,3,0,0,0
https://poczta-pl.pay-orders-safe.site,38,0,2,0,2,3,0,0,0
https://tearbelt.com/Dox/ge/1/,30,0,6,0,1,0,0,0,0
https://mbank24pl.online,24,0,2,0,1,0,0,2,0
http://mgmail.youxjdhg.work/login,33,0,3,0,2,0,0,0,0
http://mgmail.youxjdhg.work/,28,0,3,0,2,0,0,0,0
https://apettisgenesh.com/config/httpswwwtemperanceskindexphp/login/a0bc2/,74,0,7,0,1,0,0,0,1
https://apettisgenesh.com/config/httpswwwtemperanceskindexphp/login/,68,0,6,0,1,0,0,0,0
https://allegrolokalnie-pl.875757.space/,40,0,3,0,2,1,0,6,0
https://rglkajweogiwreowuydehg.xyz/,35,0,3,0,1,0,0,0,0
https://apettisgenesh.com/config/httpswwwmfsrsk/login/38c21/,60,0,7,1,1,0,0,0,0
https://sec-dbs-online.com/,27,0,3,0,1,2,0,0,0
https://pey-benkuser.com,24,0,2,0,1,1,0,0,0
https://eclassrc.in/wp-www/webmail/?client_id=e4O27cBICqL0xsnm6yNogh&redirect_uri=https://www.abuse.ionos.com/&protectedtoken=false&id=&Country=&x=cmVkYWN0ZWRAYWJ1c2UuaW9ub3MuY29t,179,0,8,1,1,0,0,0,2
https://service-verified-email.de/assets/,41,0,4,0,1,2,0,0,0
https://service-verified-email.de/assets,40,0,3,0,1,2,0,0,0
https://1kxcwd.cn/mobile/,25,0,4,0,1,0,0,1,0
https://3z05dl.cn/mobile/,25,0,4,1,1,0,0,3,1
https://mayormoveis.com/wp/web/web/WEBDE.htm,44,0,6,0,1,0,0,0,0
https://vps73596.inmotionhosting.com/~plus/,43,0,4,0,2,0,0,5,0
https://0rppcm.cn/mobile/,25,0,4,1,1,0,0,1,1
https://www.houseboatconcordiabandb.com/,40,0,3,0,2,0,0,0,0
https://post.ch-info-sendung-verfolgen.com/F28102021,52,0,3,2,2,3,0,0,2
https://techneai.com/secure/secure.chase/Chase2.html,52,0,5,0,1,0,0,0,0
https://techneai.com/secure/secure.chase/Chase1.html,52,0,5,0,1,0,0,0,0
https://1w2gzr.cn/pc,20,0,3,0,1,0,0,2,0
https://www.cfgdocomo.com/Template/login/,41,0,5,0,2,0,0,0,0
https://www.jp.mrecrcoarci.com/,31,0,3,0,3,0,0,0,0
https://www.jp.moecrcearni.com/,31,0,3,0,3,0,0,0,0
https://www.jp.mceorecarei.com/,31,0,3,0,3,0,0,0,0
http://instagram-security.de/login.html,39,0,3,0,1,1,0,0,0
http://www.instagram-security.de/login.html,43,0,3,0,2,1,0,0,0
http://www.instagram-security.de/,33,0,3,0,2,1,0,0,0
https://www.believe-mall.com/XWANTED_ppl_priv8/Xwanted,54,0,4,0,2,1,0,0,0
https://vibrant-bohr.172-245-184-106.plesk.page/p/59720,55,0,4,2,3,4,0,12,2
https://thevulnerablelife.com/Gladys%20Stanley,46,0,3,1,1,0,0,0,1
https://online-veiligheid.net/rabo-wereldpas,44,0,3,0,1,1,0,0,0
https://online-veiligheid.net/ics-consultant,44,0,3,0,1,1,0,0,0
https://nbgraphics.in/[email protected]/3.mtb.com_lastbornencode/3.mtb.com_lastbornencode/W,91,0,6,0,1,0,0,0,0
https://flamboyant-driscoll.45-81-232-17.plesk.page/icebox21,60,0,3,0,3,4,0,9,0
https://nellasuaattenzionegentile.minogue.it/ce93243860dc6bf37bfb7657c0305507,77,0,3,4,2,0,0,0,4
https://determined-villani.104-168-46-185.plesk.page/b/e64f1,60,0,4,1,3,4,0,11,1
https://www.cfgdocomo.com:443/Template/login/,45,0,5,0,2,0,0,3,0
https://www.cfgdocomo.com/,26,0,3,0,2,0,0,0,0
https://kidsphoto.vn/wp-content/themes/29,41,0,5,0,1,0,0,0,0
https://samueeel.starbhaktkj4.com/wp/wp-content/themes/29,57,0,6,0,2,0,0,1,0
https://templates.sermaistecnologia.com.br/wp-content/themes/29/Mufg.jp/,72,0,7,0,3,0,0,0,0
http://jjigssudvm.duckdns.org,29,0,2,0,2,0,0,0,0
https://souravtech.com/MTBANKUPDATE/3.mtb.com_lastbornencode/W,62,0,5,0,1,0,0,0,0
http://orlinhndk.malikiofthekamis.link/,39,0,3,0,2,0,0,0,0
http://ponokoliang.dianolhbrntikrjo.link/,41,0,3,0,2,0,0,0,0
https://dbs-ues.com/,20,0,3,0,1,1,0,0,0
http://jhwwivwivh.duckdns.org,29,0,2,0,2,0,0,0,0
http://tzkqveorxg.duckdns.org,29,0,2,0,2,0,0,0,0
http://tupftuthdd.duckdns.org,29,0,2,0,2,0,0,0,0
http://the-waletconnect.xyz/MetaMask.php,40,0,3,0,1,1,0,0,0
https://register-titolar-access.com/,36,0,3,0,1,2,0,0,0
https://dbs-web.com/,20,0,3,0,1,1,0,0,0
http://toxifqmbhn.duckdns.org,29,0,2,0,2,0,0,0,0
https://fullpricenever.com/bless/always/web/net/access/,55,0,8,0,1,0,0,0,0
https://fullpricenever.com/bless/always/web/net/access,54,0,7,0,1,0,0,0,0
https://pan-caswayhpm.fun/,26,0,3,0,1,1,0,0,0
https://app.pancakieswap-finances.org/Swap/#/,45,0,5,0,2,1,0,0,0
https://paypayne.no-replyiv.com,31,0,2,0,2,1,0,0,0
http://papalusateam.000webhostapp.com/,38,0,3,3,2,0,0,3,3
https://blogmypham.net/wp-includes/Po/excelz/bizmail.php?email=&.rand=13vqcr8bp0gud&lc=1033&id=64855&mkt=en-us&cbcxt=mai&snsc=1,127,0,6,2,1,0,0,0,2
http://blogmypham.net/wp-includes/Po/excelz/bizmail.php?email=&.rand=13vqcr8bp0gud&lc=1033&id=64855&mkt=en-us&cbcxt=mai&snsc=1,126,0,6,2,1,0,0,0,2
https://jovial-fermi.137-184-82-75.plesk.page/xtn/sojiaxxlibaxba.php?m=m&[email protected],90,0,4,0,3,4,0,10,0
http://togokiki.com/office/o/?alt=media&token=f5e92288-d9da-4d0d-812c-713cf8bf6dbf,82,0,5,1,1,0,0,0,1
https://dhl-event.app/,22,0,3,0,1,1,0,0,0
https://18389-2266.s2.webspace.re/zFIhfodfIKDsijD/,50,0,4,0,3,1,0,10,0
https://18389-2266.s2.webspace.re/zFIhfodfIKDsijD,49,0,3,0,3,1,0,10,0
https://disneyplusgermany.net/,30,0,3,0,1,0,0,0,0
http://disneyplusgermany.net/,29,0,3,0,1,0,0,0,0
https://lrw.dms.mybluehostin.me/cvc/CHASE/vbv.php?websrc=e17ea285ad581008aac6b89b49ab879e&dispatched=99&id=2229253294&SERVID=Service_Login_&_Authentication=a5d70df898e678363d316c9e138f9d75823c7391&SERVID=Service_Login_&_Authentication=2f843a05ff364ae8ce6c12c487fcc1dc62498285,275,0,5,4,3,0,0,0,4
https://lrw.dms.mybluehostin.me/cvc/CHASE/vbv.php?websrc=e17ea285ad581008aac6b89b49ab879e&dispatched=99&id=2229253294&SERVID=Service_Login_&_Authentication=a5d70df898e678363d316c9e138f9d75823c7391,196,0,5,3,3,0,0,0,3
https://www.believe-mall.com/XWANTED_ppl_priv8/Xwanted/,55,0,5,0,2,1,0,0,0
http://securityhb83398.000webhostapp.com/index3.html,52,0,3,3,2,0,0,8,3
http://securityhb83398.000webhostapp.com/index2.html,52,0,3,3,2,0,0,8,3
http://securityhb83398.000webhostapp.com/,41,0,3,3,2,0,0,8,3
https://cbu44.000webhostapp.com/index3.html,43,0,3,3,2,0,0,5,3
https://cbu44.000webhostapp.com/index2.html,43,0,3,3,2,0,0,5,3
https://cbu44.000webhostapp.com/,32,0,3,3,2,0,0,5,3
https://security0229.000webhostapp.com/index2.html,50,0,3,4,2,0,0,7,4
https://security0229.000webhostapp.com/,39,0,3,4,2,0,0,7,4
https://seguridad93302.000webhostapp.com/index3.html,52,0,3,4,2,0,0,8,4
https://seguridad93302.000webhostapp.com/index2.html,52,0,3,4,2,0,0,8,4
https://seguridad93302.000webhostapp.com/,41,0,3,4,2,0,0,8,4
https://vevadiannelawson.com/hollandrescue/sihle/auth/?=&cbf4b0de533c88ac56e1c06f6ec0cf8d&dispatch=da4e6b660a99fc7f3e6da64f6da14de14a1ad904,139,0,6,5,1,0,0,0,5
https://lrw.dms.mybluehostin.me/cvc/CHASE/vbv.php?websrc=e17ea285ad581008aac6b89b49ab879e&dispatched=84&id=3095107250&SERVID=Service_Login_&_Authentication=7179bd42203ac492fafda118c85fd6b40a5f7676&SERVID=Service_Login_&_Authentication=65f37a4ac83012bfa7d8411b2aea252c08935b47,275,0,5,9,3,0,0,0,9
https://lrw.dms.mybluehostin.me/cvc/CHASE/vbv.php?websrc=e17ea285ad581008aac6b89b49ab879e&dispatched=84&id=3095107250&SERVID=Service_Login_&_Authentication=7179bd42203ac492fafda118c85fd6b40a5f7676,196,0,5,7,3,0,0,0,7
https://lrw.dms.mybluehostin.me/cvc/CHASE/billing.php?websrc=e17ea285ad581008aac6b89b49ab879e&dispatched=63&id=2783490395&SERVID=Service_Login_&_Authentication=5f86160002f45a36de7c6daed5447a9b7ce77972&SERVID=Service_Login_&_Authentication=77424a0df2389df9eab2a070b06cf1217380d6e2,279,0,5,11,3,0,0,0,11
https://lrw.dms.mybluehostin.me/cvc/CHASE/billing.php?websrc=e17ea285ad581008aac6b89b49ab879e&dispatched=63&id=2783490395&SERVID=Service_Login_&_Authentication=5f86160002f45a36de7c6daed5447a9b7ce77972,200,0,5,6,3,0,0,0,6
https://lrw.dms.mybluehostin.me/cvc/CHASE/access.php?websrc=e17ea285ad581008aac6b89b49ab879e&dispatched=51&id=3367557260&SERVID=Service_Login_&_Authentication=c27f820a968675034d12bedd9623ac306a6ba008&SERVID=Service_Login_&_Authentication=ed8c12076b08b4ae11e3cdb88d1c91287133fd27,278,0,5,10,3,0,0,0,10
https://lrw.dms.mybluehostin.me/cvc/CHASE/access.php?websrc=e17ea285ad581008aac6b89b49ab879e&dispatched=51&id=3367557260&SERVID=Service_Login_&_Authentication=c27f820a968675034d12bedd9623ac306a6ba008,199,0,5,8,3,0,0,0,8
https://lrw.dms.mybluehostin.me/cvc/CHASE/assets/saved_resource.php?SERVID=Service_Login_&_Authentication=0d1a3b41f616a124627d95646cfe9c67458ba545&SERVID=Service_Login_&_Authentication=9bbd56fe295b83edd8944ac2c61b388a6abb3819,225,0,6,1,3,0,0,0,1
https://lrw.dms.mybluehostin.me/cvc/CHASE/assets/saved_resource.php?SERVID=Service_Login_&_Authentication=0d1a3b41f616a124627d95646cfe9c67458ba545,146,0,6,1,3,0,0,0,1
https://nbgraphics.in/[email protected]/3.mtb.com_lastbornencode/3.mtb.com_lastbornencode/W/,92,0,7,0,1,0,0,0,0
https://hipotec-02.000webhostapp.com/,37,0,3,4,2,1,0,5,4
https://thevulnerablelife.com/Gladys%20Stanley/,47,0,4,1,1,0,0,0,1
http://join-grup-whatsapp00.duckdns.org/login.php,49,0,3,2,2,2,0,2,2
http://freasety.top/deea/,25,0,4,0,1,0,0,0,0
http://dasxroem.xyz/login.php?email=3D&fid_125289964252813InboxLight99642_P=,76,0,3,0,1,0,0,0,0
https://freasety.top/deea/index2.php?cmd=3Dlogin_submit&id=3D579078b84b2c2a=,76,0,4,1,1,0,0,0,1
http://masuk-grupvidiox58.duckdns.org/login.php,47,0,3,0,2,1,0,2,0
http://mail.xxx-2021.duckdns.org/,33,0,3,1,3,1,0,4,1
https://souravtech.com/MTBANKUPDATE/3.mtb.com_lastbornencode/W/,63,0,6,0,1,0,0,0,0
https://mail.dasxroem.xyz/login.php,35,0,3,0,2,0,0,0,0
https://www.psychologytest.tsu.ge/assets/front/public/redirection/index.php,75,0,7,0,3,0,0,0,0
https://fillonline.ey.r.appspot.com/,36,0,3,0,4,0,0,0,0
http://fillonline.ey.r.appspot.com/,35,0,3,0,4,0,0,0,0
https://hitechmultieducation.in/blog/mojo/MicrosoftAccount.html,63,0,5,0,1,0,0,0,0
https://showerproofgucchi.xyz/intact/index.html,47,0,4,0,1,0,0,0,0
https://servicelongisland.com/wp-content/Wellsv2/Update/verify.php,66,0,6,0,1,0,0,0,0
https://wwwlinkedincom-38-yzo0wa.sbx-002a.prod.demosgw.com/,59,0,3,0,4,3,0,6,3
http://codepasta.app/paste/c4tl1sfout2tbkhn5810/raw,51,0,5,1,1,0,0,0,1
https://flamboyant-driscoll.45-81-232-17.plesk.page/icebox21/,61,0,4,0,3,4,0,9,0
http://fc9ruty-fp.000webhostapp.com/,36,0,3,3,2,1,0,4,3
https://determined-villani.104-168-46-185.plesk.page/b/e64f1/,61,0,5,1,3,4,0,11,1
http://bigdogplanodesaude.com.br/ted/login.php?cmd=login_submit&id=90f024c4865adbaf74e538b1f2c8519790f024c4865adbaf74e538b1f2c85197&session=90f024c4865adbaf74e538b1f2c8519790f024c4865adbaf74e538b1f2c85197,204,0,4,8,2,0,0,0,8
http://bigdogplanodesaude.com.br/ted/step2.php,46,0,4,0,2,0,0,0,0
http://bigdogplanodesaude.com.br/ted/login.php?cmd=login_submit&id=47c8c50abb83b61480f55260f8a1ea5d47c8c50abb83b61480f55260f8a1ea5d&session=47c8c50abb83b61480f55260f8a1ea5d47c8c50abb83b61480f55260f8a1ea5d,204,0,4,12,2,0,0,0,12
http://bigdogplanodesaude.com.br/ted/next3.php,46,0,4,0,2,0,0,0,0
https://techneai.com/secure/Chase2.html,39,0,4,0,1,0,0,0,0
https://techneai.com/secure/Chase1.html,39,0,4,0,1,0,0,0,0
http://www.grubbwaa4401.duckdns.org/,36,0,3,1,3,0,0,4,1
https://vibrant-bohr.172-245-184-106.plesk.page/p/59720/,56,0,5,2,3,4,0,12,2
https://confirmpayment.cf/,26,0,3,0,1,0,0,0,0
https://huletradgard.se/wp-includes/js/jcrop/cgi/BOfA/Validation/login.php?cmd=login_submit&id=baf57abc0f7e142617dc931872986473baf57abc0f7e142617dc931872986473&session=baf57abc0f7e142617dc931872986473baf57abc0f7e142617dc931872986473,232,0,9,4,1,0,0,0,4
https://rodrigofpoliveira.com/well-fargo-fresh-RD617-em-rout/em.html,68,0,4,0,1,0,0,0,0
https://www.authenticatingchase01.otzo.com/web/auth.php,55,0,4,1,3,0,0,2,1
http://achatlcl60.temp.swtest.ru/,33,0,3,1,3,0,0,2,1
https://achatlcl60.temp.swtest.ru/57295,39,0,3,1,3,0,0,2,1
https://wernerthemis0.com/dashboard/,36,0,4,1,1,0,0,1,1
https://wernerthemis0.com/dashboard,35,0,3,1,1,0,0,1,1
http://chachasure.com/50b/,26,0,4,1,1,0,0,0,1
http://chachasure.com/50b,25,0,3,1,1,0,0,0,1
https://objective-merkle.45-88-108-231.plesk.page/,50,0,3,1,3,4,0,10,1
http://gabungrupkatakbihzer.duckdns.org/,40,0,3,0,2,0,0,0,0
https://instagram-security.de/login.html,40,0,3,0,1,1,0,0,0
http://zerox.alwaysdata.net/9f0f5ecfdee6ded/region.php?particulier=,67,0,4,1,2,0,0,0,1
http://zerox.alwaysdata.net/b6bcb8408bd412b/region.php?particulier,66,0,4,1,2,0,0,0,1
https://7absolutes.com/tiopniom/index.html,42,0,4,0,1,0,0,1,0
https://nellasuaattenzionegentile.minogue.it/ce93243860dc6bf37bfb7657c0305507/,78,0,4,4,2,0,0,0,4
http://nellasuaattenzionegentile.minogue.it/ce93243860dc6bf37bfb7657c0305507,76,0,3,4,2,0,0,0,4
https://online-veiligheid.net/rabo-wereldpas/,45,0,4,0,1,1,0,0,0
https://philodox.in/wp-admin/sfex/sfexpress/cmd-login=18557d58fe20d5725d5811d015bf0053/?reff=zte5oti3mtm5ytu1mgm3otzhmmu2yzhlndfinjrlnwi=,137,0,7,4,1,0,0,0,4
http://philodox.in/wp-admin/sfex/sfexpress/cmd-login=18557d58fe20d5725d5811d015bf0053/?reff=zte5oti3mtm5ytu1mgm3otzhmmu2yzhlndfinjrlnwi=,136,0,7,4,1,0,0,0,4
http://vijmech.com/sp/clients/app.php,37,0,5,0,1,0,0,0,0
https://www.instagram-security.de/login.html,44,0,3,0,2,1,0,0,0
https://www.instagram-security.de/,34,0,3,0,2,1,0,0,0
https://consumer-45190ca4.web.app/login,39,0,3,1,2,1,0,6,1
http://vijmech.com/sp/clients/cc.php,36,0,5,0,1,0,0,0,0
https://recoverypagereport.co.vu/,33,0,3,0,2,0,0,0,0
https://online-veiligheid.net/ics-consultant/,45,0,4,0,1,1,0,0,0
https://security0229.000webhostapp.com/index3.html,50,0,3,4,2,0,0,7,4
https://indianvaastu.com/MTupdate/3.mtb.com_lastbornencode/W/,61,0,6,0,1,0,0,0,0
https://indianvaastu.com/MTupdate/3.mtb.com_lastbornencode/W,60,0,5,0,1,0,0,0,0
https://sdesk-perfect-neu.xyz/s/anmeldung.php?starten=HURXl45JMgkIxOiy,70,0,4,0,1,2,0,0,0
https://1kxcwd.cn/pc/,21,0,4,0,1,0,0,1,0
https://3z05dl.cn/pc/,21,0,4,1,1,0,0,3,1
https://1w2gzr.cn/pc/,21,0,4,0,1,0,0,2,0
https://0rppcm.cn/pc/,21,0,4,1,1,0,0,1,1
https://www.tiendaenlineacuero.online,37,0,2,0,2,0,0,0,0
https://sliethiuchorf115-so-net.xyz/,36,0,3,0,1,2,0,3,0
https://ajuda-stoneseguranca.com,32,0,2,0,1,1,0,0,0
http://throughsomestepstounlockpages.co.vu/,43,0,3,0,2,0,0,0,0
https://amazontuhsdcmnvs.xyz/,29,0,3,0,1,0,0,0,0
https://masbakso.000webhostapp.com/cmosts.html,46,0,3,3,2,0,0,3,3
https://interaketing.com/mellenium/index.php,44,0,4,0,1,0,0,0,0
https://allowmeweb.com/mellenium/index.php,42,0,4,0,1,0,0,0,0
https://offlinetip.com/mellenium/index.php,42,0,4,0,1,0,0,0,0
https://apenvironmentalscience.com/mellenium/index.php,54,0,4,0,1,0,0,0,0
https://amaoeu.mhuy3g.top,25,0,2,0,2,0,0,1,0
https://maxikidsrooms.com//wp-content/themes/29,47,0,6,0,1,0,0,0,0
https://botak55.000webhostapp.com/cmosts.html,45,0,3,3,2,0,0,5,3
https://amanzon.co.ip.hzsdxhgz.com.cn/,38,0,3,0,5,0,0,0,0
http://amanzon.co.ip.hzsdxhgz.com.cn/,37,0,3,0,5,0,0,0,0
http://user.activity-abuse-pagges.h9qptc91pa-gok67m55l652.p.runcloud.link/,74,0,3,0,5,3,0,10,0
http://user.info-pages-configuration.h9qptc91pa-gok67m55l652.p.runcloud.link/,77,0,3,0,5,3,0,10,0
http://user.mobile-pages-action-required.h9qptc91pa-gok67m55l652.p.runcloud.link/,81,0,3,0,5,4,0,10,0
http://htttps.pages-redirect-to-main.h9qptc91pa-gok67m55l652.p.runcloud.link,76,0,2,0,5,4,0,10,0
http://user.team-manage-checkpoint.h9qptc91pa-gok67m55l652.p.runcloud.link/,75,0,3,0,5,3,0,10,0
http://app-fb-ads-supports-page-confirmatlon.r2xrssjgca-gjy3mwpvv68q.p.runcloud.link/,85,0,3,0,4,6,0,4,0
http://app-fb-ads-support-page-confirmatlon.r2xrssjgca-gjy3mwpvv68q.p.runcloud.link/,84,0,3,0,4,6,0,4,0
http://app-fb-ads-security-page-app-confirmatlon.r2xrssjgca-gjy3mwpvv68q.p.runcloud.link/,89,0,3,0,4,7,0,4,0
http://app-fb-security-confirmatlon-you-page.r2xrssjgca-gjy3mwpvv68q.p.runcloud.link,84,0,2,0,4,6,0,4,0
https://bit.ly/3bhZfxh,22,0,3,0,1,0,0,0,0
https://reported-page-secure4261.000webhostapp.com/m.ibolie.html,64,0,3,3,2,2,0,7,3
https://ameozon.bvhvtmn.cn/,27,0,3,0,2,0,0,0,0
https://kel-landasanulinselatan.banjarbarukota.go.id/redirect.php,65,0,3,0,3,1,0,0,0
https://storage.googleapis.com/nre3nk3nk.appspot.com/dfghtgrf.html,66,0,4,0,2,0,0,0,0
https://www.bestsystem-au.xyz/fidd/,35,0,4,0,2,1,0,0,0
https://vaolinfoupdate.weebly.com/,34,0,3,0,2,0,0,0,0
https://aolmail20222.weebly.com,31,0,2,1,2,0,0,5,1
https://attnetbill.weebly.com/,30,0,3,0,2,0,0,0,0
https://etc-meisai.jp.kaixin098.shop/,37,0,3,1,3,1,0,3,1
http://helpss-scenterpages-noticesco.cf/,40,0,3,0,1,2,0,0,0
https://aatyahoo.weebly.com/,28,0,3,0,2,0,0,0,0
https://mercari.jp.no-replybz.com/,34,0,3,0,3,1,0,0,0
https://appeal-form-fb-copyright18274.web.app/appeal.html,57,0,3,0,2,3,0,5,0
https://appeal-form-fb-copyright18274.web.app/,46,0,3,0,2,3,0,5,0
https://appeal-form-fb-copyright18251.web.app/appeal.html,57,0,3,0,2,3,0,5,0
https://appeal-form-fb-copyright18251.web.app/,46,0,3,0,2,3,0,5,0
https://appeal-form-fb-copyright981725.web.app/appeal.html,58,0,3,0,2,3,0,6,0
https://appeal-form-fb-copyright981725.web.app/,47,0,3,0,2,3,0,6,0
https://paypay.ne.no-replybe.com/,33,0,3,0,3,1,0,0,0
https://remdeadk.weebly.com/,28,0,3,0,2,0,0,0,0
https://www.mercaril-jp.xyz/,28,0,3,0,2,1,0,0,0
https://teamforcecup.com/,25,0,3,0,1,0,0,0,0
https://pankokiswap-invest.com/,31,0,3,0,1,1,0,0,0
http://beetasusgris.blogspot.com/tek/giriş,42,0,4,0,2,0,0,0,0
http://maintenancehelpssupppportss.gq/,38,0,3,0,1,0,0,0,0
https://bussinespagelogapporved.co.vu/confirm-pages.php,55,0,3,0,2,0,0,0,0
https://growifnancial.org/,26,0,3,0,1,0,0,0,0
https://rakutenll.co.jjp.1oi.net/,33,0,3,0,4,0,0,1,0
https://llrakuten.co.jjp.t2w.net/,33,0,3,0,4,0,0,1,0
https://ameozon.qwjxtws.cn/,27,0,3,0,2,0,0,0,0
https://ex0dus-wallett.yahoosites.com/,38,0,3,1,2,1,0,1,1
https://acesso.esfera-resgate.digital/ikukpS2Jysvx54NVNmKN/[email protected],76,0,4,0,2,1,0,0,0
"https://dabiastore.com/wp-content/themes/swwQk/?key={random_letternumberuplow_5},email={email}",94,0,6,0,1,0,0,0,0
https://me2.do/GFp7FPC9,23,0,3,0,1,0,0,1,0
https://centromedicoviladomat.com/index.php?option=com_content&view=article&id=67,81,0,3,0,1,0,0,0,0
https://community.internalsservice.com/home,43,0,3,0,2,0,0,0,0
https://page.me2kk.com/r/ykWeuse,32,0,4,0,2,0,0,1,0
https://directanti-dropping.com/aso.php/VJDAikR,47,0,4,0,1,1,0,0,0
http://swap-pancake.xyz,23,0,2,0,1,1,0,0,0
https://validacadastropro.dynv6.net/cadastrolimite/index.php,60,0,4,0,2,0,0,1,0
http://ec2-18-223-100-250.us-east-2.compute.amazonaws.com/tk7q1287168/index.php,79,0,4,3,4,6,0,13,3
http://ec2-18-223-100-250.us-east-2.compute.amazonaws.com/tk7q1287168/,70,0,4,3,4,6,0,13,3
https://validacadastropro.dynv6.net/cadastrolimite/,51,0,4,0,2,0,0,1,0
https://correos-entrega-pago-online.com/ES012487633154521/Redsys.html,69,0,4,1,1,3,0,0,1
https://irs-gov-tax.returns-confirmation.com/home,49,0,3,0,2,3,0,0,0
https://amanzon.co.ip.dayouzi.com.cn/,37,0,3,0,5,0,0,0,0
http://amanzon.co.ip.dayouzi.com.cn/,36,0,3,0,5,0,0,0,0
https://second.servepics.com/[email protected],46,0,3,0,2,0,0,0,0
https://correos-entrega-pago-online.com/ES012487633154521/Seleccione_medio_de_pago.php,86,0,4,1,1,3,0,0,1
https://correos-entrega-pago-online.com/ES012487633154521/,58,0,4,1,1,3,0,0,1
https://lrakuten.co.jop.givis.net/,34,0,3,0,4,0,0,0,0
https://marithimestical.nerdpol.ovh/nxaaccs/malxcn/#@yorku.ca,61,1,5,0,2,0,0,0,0
https://ameozon.doacnhg.cn/,27,0,3,0,2,0,0,0,0
https://rrakuten.co.ip.netxp.net/,33,0,3,0,4,0,0,0,0
https://casasuperior.weebly.com/,32,0,3,0,2,0,0,0,0
https://pacnakeswap.com/,24,0,3,0,1,0,0,0,0
http://pacnakeswap.com,22,0,2,0,1,0,0,0,0
https://www.awss-jp.com/,24,0,3,0,2,1,0,0,0
https://www-etc97.serviceicu-acczxonjp.shop/,44,0,3,0,2,2,0,2,0
https://mena.servequake.com/[email protected],45,0,3,0,2,0,0,0,0
https://llrakuten.co.jp.gzez.net.cn/,36,0,3,0,5,0,0,0,0
https://www.nttcom.info.2z-o.top/,33,0,3,0,4,1,0,1,0
https://rakutenll.co.jjp.sts-ag.net/,36,0,3,0,4,1,0,0,0
http://amazon.jlmtrjxm.cn/,26,0,3,0,2,0,0,0,0
https://needs.servepics.com/[email protected],45,0,3,0,2,0,0,0,0
https://ameozon.cqitjjk.cn/,27,0,3,0,2,0,0,0,0
https://attmaildgvz.weebly.com/,31,0,3,0,2,0,0,0,0
https://dinates.servemp3.com/[email protected],46,0,3,0,2,0,0,1,0
https://covered.serveirc.com/[email protected],46,0,3,0,2,0,0,0,0
https://attscnxxxdddx.weebly.com/,33,0,3,0,2,0,0,0,0
https://www.ntt-news-info.8p-2.top/,35,0,3,0,3,3,0,2,0
https://ameozon.opnhohy.cn/,27,0,3,0,2,0,0,0,0
https://paypal-caseid6318.com/users/userID-86831/season.php?country.x=e005faa75a2e52351ec2d0b9d9fbcd6be005faa75a2e52351ec2d0b9d9fbcd6b,134,0,5,6,1,1,0,4,6
https://sdesk-perfect-neu.xyz/s/anmeldung.php?starten=HURXl45JMgkIxOiyup6GNEw0h7PWqz&shufflUri?=GCI0j9VF5Mny6P31XzfS,116,0,4,2,1,2,0,0,2
https://post-ch-de.id-1110.icu/de/info,38,0,4,1,2,3,0,4,1
http://popsl.giggyyt.ch/,24,0,3,0,2,0,0,0,0
http://ec2-52-214-206-13.eu-west-1.compute.amazonaws.com/,57,0,3,1,4,6,0,12,1
https://ameozon.lxkdpxg.cn/,27,0,3,0,2,0,0,0,0
https://souravtech.com/MTBANKUPDATE/3.mtb.com_lastbornencode/index.php,70,0,5,0,1,0,0,0,0
https://amanzon.co.ip.qibeipay.com.cn/,38,0,3,0,5,0,0,0,0
http://amanzon.co.ip.qibeipay.com.cn/,37,0,3,0,5,0,0,0,0
http://olx.id-safety.live/?get&track_id=37746210,48,0,3,1,2,1,0,0,1
https://olx.id-safety.live/?get&track_id=37746210,49,0,3,1,2,1,0,0,1
https://systemtt.trackitemzz.xyz/fr/ips/?p=200&cep=xcJg76_eliqxASydFhI6czJOsCmY0gewVymiwdVPjkR4_lVjFiwX-kxiZ3zq1wtRcSLPEgmusXZFx6LKMd6XOyI-XJNQlRXhQzxqsfJVi3d59La3NAIPWldI97fO1L3HY0rTvxnBPyK-Zza7x9tkputoZVYPZNIaub8qGrMxfkiL4MJaQ4VMX2EyH3ewBM2jB3GLo9As5Rkx-NnMc4xBJl3GsBley0afpu4-XjfIsWusOkHdVLeoFoUxfifXQoucsmjhVhUvS87xVDazDuEW7ZsuU-BzB2DtRmzT_oQ6SKdWHNJGQOshto3zwL2Lo4qY5gHuHrZwzM2C1o_stv-Ea42tU4TQhWfKTqV6wDkgKcCkVa_pJMCjMvMXIl5wnI8KV60ULDIleUwSIMMmJaSLQD69i3Kp6yIL6w-CH3NpbEjiJYxtAuqDTOGH1Mq_Y2peI1TScBbU08dBBeAN7Evm5A&lptoken=169835f9441f62f8070c&click_id=BibRzxc&var2=&var3=S617A8446261FA&var4=&var5=1&var6=&var7=&var8=&var9=33620301605&var10=,648,0,5,13,2,0,0,0,13
https://whinburyhillequestrian.com.au/fonts/yat/login.php,57,0,5,0,2,0,0,0,0
https://adequate-immobilier.fr/tracking.php,43,0,3,0,1,1,0,0,0
https://trevela.000webhostapp.com/,34,0,3,3,2,0,0,3,3
https://super-charge-2021.000webhostapp.com/,44,0,3,4,2,2,0,7,4
https://relaisboncoin.000webhostapp.com/,40,0,3,3,2,0,0,3,3
https://ameozon.ayeroto.cn/,27,0,3,0,2,0,0,0,0
https://reglemntlebcoinfr.000webhostapp.com/,44,0,3,3,2,0,0,3,3
https://www.co.jp.woatd.cn/,27,0,3,0,4,0,0,0,0
https://ameozon.atkbgxa.cn/,27,0,3,0,2,0,0,0,0
https://amanzn.co.jp.ocxybad.cn/new_bgc/cell_padding.php,56,0,4,0,4,0,0,0,0
https://amanzn.co.jp.ov2nvh6.cn/,32,0,3,0,4,0,0,2,0
https://ameozon.wpcreex.cn/,27,0,3,0,2,0,0,0,0
http://diginto.org/css/servlet/components/authenticate/,55,0,7,0,1,0,0,0,0
http://panikaekasvvop.fimanosit.organizationchanger.pagedemo.co/,64,0,3,0,4,0,0,0,0
https://d16hdrba6dusey.clouldfront.net/,39,0,3,0,2,0,0,3,0
https://www.co.jp.nhgdks.cn/,28,0,3,0,4,0,0,0,0
https://ameozon.tnkssvw.cn/,27,0,3,0,2,0,0,0,0
